summary_type,region,metric,mean,median,std,valid_case_count
metric,,selected_view,4.125,3.5,3.059309562630104,8
metric,,selected_view_tdc,0.798087440431118,0.7629055082798004,0.09206523368210842,8
metric,,threshold,0.5,0.5,0.0,8
metric,,balanced_seed,20260923.0,20260923.0,0.0,8
metric,,valid_voxel_count,8535919.625,5329728.0,5161032.130585604,8
metric,,gt_foreground_voxel_count,597931.75,271196.0,467352.2710386005,8
metric,,gt_background_valid_voxel_count,7937987.875,5106835.5,4703510.092541724,8
metric,,balanced_sample_count,1195863.5,542392.0,934704.542077201,8
metric,,pearson_attention_probability,-0.001980990214089172,-0.054748195285323514,0.10359955950131639,8
metric,,spearman_attention_probability,-0.34772493380071323,-0.3369954620955896,0.1039437972853362,8
metric,,pearson_attention_probability_balanced,-0.043332716854136755,-0.12233176806838283,0.1566613526750352,8
metric,,spearman_attention_probability_balanced,-0.21064323330832996,-0.2519131331608174,0.13843205858468666,8
metric,,background_FN_TN_attention_auroc,0.33884412672776626,0.3138466513159923,0.07924845440308165,8
metric,,background_FN_TN_attention_auprc,0.013320256439280902,0.0070390910025247225,0.01777267644089911,8
metric,,background_FN_TN_attention_auroc_full_voxel,0.33884412672776626,0.3138466513159923,0.07924845440308165,8
metric,,background_FN_TN_attention_auprc_full_voxel,0.013320256439280902,0.0070390910025247225,0.01777267644089911,8
metric,,background_FN_TN_probability_auroc,0.9621920709820819,0.9828975804316489,0.05174073601126468,8
metric,,background_FN_TN_probability_auprc,0.29398729146918023,0.3204856341887816,0.08845380637679152,8
metric,,background_FN_TN_probability_auroc_full_voxel,0.9621920709820819,0.9828975804316489,0.05174073601126468,8
metric,,background_FN_TN_probability_auprc_full_voxel,0.29398729146918023,0.3204856341887816,0.08845380637679152,8
metric,,background_FN_TN_R_auroc,0.15171992253911346,0.13311121365905293,0.06994558761346906,8
metric,,background_FN_TN_R_auprc,0.006008792353644638,0.002798704051489967,0.008335096830442422,8
metric,,background_FN_TN_R_auroc_full_voxel,0.15171992253911346,0.13311121365905293,0.06994558761346906,8
metric,,background_FN_TN_R_auprc_full_voxel,0.006008792353644638,0.002798704051489967,0.008335096830442422,8
metric,,background_FN_TN_raw_positive_count,123957.5,23401.5,198831.1158232031,8
metric,,background_FN_TN_raw_negative_count,7842631.75,5071420.5,4620453.74096267,8
metric,,background_FN_TN_negative_sampling_enabled,0.0,0.0,0.0,8
metric,,background_FN_TN_actual_positive_count,123957.5,23401.5,198831.1158232031,8
metric,,background_FN_TN_actual_negative_count,7842631.75,5071420.5,4620453.74096267,8
metric,,background_FN_TN_actual_sample_count,7966589.25,5089486.0,4769561.362508815,8
metric,,background_FN_TN_negative_sampled,0.0,0.0,0.0,8
metric,,background_FN_TN_sample_seed,20260923.0,20260923.0,0.0,8
metric,,foreground_TP_FP_attention_auroc,0.5359086919854237,0.5077963492330932,0.084667038752706,8
metric,,foreground_TP_FP_attention_auprc,0.8616945672546714,0.8759662381979602,0.07316185567356982,8
metric,,foreground_TP_FP_attention_auroc_full_voxel,0.5359086919854237,0.5077963492330932,0.084667038752706,8
metric,,foreground_TP_FP_attention_auprc_full_voxel,0.8616945672546714,0.8759662381979602,0.07316185567356982,8
metric,,foreground_TP_FP_probability_auroc,0.8166593477629085,0.8460328403143184,0.11623691647509934,8
metric,,foreground_TP_FP_probability_auprc,0.9451336638559342,0.9696263689765355,0.05156658371183055,8
metric,,foreground_TP_FP_probability_auroc_full_voxel,0.8166593477629085,0.8460328403143184,0.11623691647509934,8
metric,,foreground_TP_FP_probability_auprc_full_voxel,0.9451336638559342,0.9696263689765355,0.05156658371183055,8
metric,,foreground_TP_FP_R_auroc,0.5078433863008822,0.471016372006071,0.09313166448054175,8
metric,,foreground_TP_FP_R_auprc,0.8468787729891393,0.8630952276052721,0.07420090626377453,8
metric,,foreground_TP_FP_R_auroc_full_voxel,0.5078433863008822,0.471016372006071,0.09313166448054175,8
metric,,foreground_TP_FP_R_auprc_full_voxel,0.8468787729891393,0.8630952276052721,0.07420090626377453,8
metric,,foreground_TP_FP_raw_positive_count,473974.25,256221.5,321577.07137393596,8
metric,,foreground_TP_FP_raw_negative_count,95356.125,51568.5,91946.85036127869,8
metric,,foreground_TP_FP_negative_sampling_enabled,0.0,0.0,0.0,8
metric,,foreground_TP_FP_actual_positive_count,473974.25,256221.5,321577.07137393596,8
metric,,foreground_TP_FP_actual_negative_count,95356.125,51568.5,91946.85036127869,8
metric,,foreground_TP_FP_actual_sample_count,569330.375,293481.0,410650.13111374306,8
metric,,foreground_TP_FP_negative_sampled,0.0,0.0,0.0,8
metric,,foreground_TP_FP_sample_seed,20260923.0,20260923.0,0.0,8
metric,,gt_foreground_background_attention_auroc,0.4119055013295799,0.3850586202221071,0.06500358096670668,8
metric,,gt_foreground_background_attention_auprc,0.09958946869009624,0.06758799850844387,0.07490909718731147,8
metric,,gt_foreground_background_attention_auroc_full_voxel,0.4119055013295799,0.3850586202221071,0.06500358096670668,8
metric,,gt_foreground_background_attention_auprc_full_voxel,0.09958946869009624,0.06758799850844387,0.07490909718731147,8
metric,,gt_foreground_background_probability_auroc,0.9858617800525493,0.9947841278580615,0.02566453976662913,8
metric,,gt_foreground_background_probability_auprc,0.9126452135625083,0.9481202993574983,0.08990493200823353,8
metric,,gt_foreground_background_probability_auroc_full_voxel,0.9858617800525493,0.9947841278580615,0.02566453976662913,8
metric,,gt_foreground_background_probability_auprc_full_voxel,0.9126452135625083,0.9481202993574983,0.08990493200823353,8
metric,,gt_foreground_background_R_auroc,0.16151394164652227,0.16320269879801677,0.03254761992337647,8
metric,,gt_foreground_background_R_auprc,0.035972072939681986,0.037974621748855464,0.009154287574557706,8
metric,,gt_foreground_background_R_auroc_full_voxel,0.16151394164652227,0.16320269879801677,0.03254761992337647,8
metric,,gt_foreground_background_R_auprc_full_voxel,0.035972072939681986,0.037974621748855464,0.009154287574557706,8
metric,,gt_foreground_background_raw_positive_count,597931.75,271196.0,467352.2710386005,8
metric,,gt_foreground_background_raw_negative_count,7937987.875,5106835.5,4703510.092541724,8
metric,,gt_foreground_background_negative_sampling_enabled,0.0,0.0,0.0,8
metric,,gt_foreground_background_actual_positive_count,597931.75,271196.0,467352.2710386005,8
metric,,gt_foreground_background_actual_negative_count,7937987.875,5106835.5,4703510.092541724,8
metric,,gt_foreground_background_actual_sample_count,8535919.625,5329728.0,5161032.130585604,8
metric,,gt_foreground_background_negative_sampled,0.0,0.0,0.0,8
metric,,gt_foreground_background_sample_seed,20260923.0,20260923.0,0.0,8
metric,,metric_sampling_seed,20260923.0,20260923.0,0.0,8
metric,,is_final_output,1.0,1.0,0.0,8
metric,,view_count,10.0,10.0,0.0,8
metric,,tdc_embedding_forward_count,125.0,90.0,92.46621004453465,8
metric,,diagnostic_embedding_forward_count,31.0,20.0,25.918140365388872,8
region_stat,valid,probability_voxel_count,8535919.625,5329728.0,5161032.130585604,8
region_stat,valid,probability_mean,0.06343851890414953,0.0654781199991703,0.013131214311528342,8
region_stat,valid,probability_std,0.23502283357083797,0.24216557294130325,0.022800681048923698,8
region_stat,valid,probability_min,1.0719438686594483e-16,4.354200011504457e-37,2.2172322080928754e-16,8
region_stat,valid,probability_p05,4.030213385896808e-10,1.3214939884684283e-19,9.368126659512678e-10,8
region_stat,valid,probability_p25,1.2971071917733259e-08,1.0227206830557451e-16,2.323161302536692e-08,8
region_stat,valid,probability_median,1.6168393166135774e-07,4.7682209292077005e-08,1.8670229218542986e-07,8
region_stat,valid,probability_p75,8.212789037287394e-06,3.3148762668133713e-06,9.566520715356272e-06,8
region_stat,valid,probability_p95,0.7449120110832155,0.9821959435939789,0.38460862476369345,8
region_stat,valid,probability_max,0.9999945908784866,0.9999967813491821,6.094247021049895e-06,8
region_stat,valid,raw_attention_voxel_count,8535919.625,5329728.0,5161032.130585604,8
region_stat,valid,raw_attention_mean,0.0005181975247978698,0.0004753040993819013,0.00013716034033762098,8
region_stat,valid,raw_attention_std,0.0005123706541780848,0.00033454920048825443,0.00032859532094190163,8
region_stat,valid,raw_attention_min,3.8361750966942054e-05,3.747648952412419e-05,9.557925944355475e-06,8
region_stat,valid,raw_attention_p05,0.00011883006663993001,0.00011314716903143562,1.609366664494717e-05,8
region_stat,valid,raw_attention_p25,0.00025662457665021066,0.0002370934744249098,5.507993803185162e-05,8
region_stat,valid,raw_attention_median,0.00044649588016909547,0.0004755168774863705,7.735198480785305e-05,8
region_stat,valid,raw_attention_p75,0.0006099789752624929,0.0006091868272051215,6.630884334585329e-05,8
region_stat,valid,raw_attention_p95,0.0011433609906816855,0.000763953139539808,0.0006090120312361569,8
region_stat,valid,raw_attention_max,0.017047682049451396,0.01045691897161305,0.01713397239599792,8
region_stat,valid,rank_attention_voxel_count,8535919.625,5329728.0,5161032.130585604,8
region_stat,valid,rank_attention_mean,0.5,0.5,0.0,8
region_stat,valid,rank_attention_std,0.2886751741170883,0.2886751890182495,2.1073424255447017e-08,8
region_stat,valid,rank_attention_min,0.0,0.0,0.0,8
region_stat,valid,rank_attention_p05,0.05000000027939677,0.05000000074505806,1.2320239614064762e-09,8
region_stat,valid,rank_attention_p25,0.2500000037252903,0.25,9.85619169125181e-09,8
region_stat,valid,rank_attention_median,0.4999999888241291,0.5,3.630963841382028e-08,8
region_stat,valid,rank_attention_p75,0.7500000149011612,0.75,3.942476676500724e-08,8
region_stat,valid,rank_attention_p95,0.9500000104308128,0.949999988079071,2.8855974571462102e-08,8
region_stat,valid,rank_attention_max,1.0,1.0,0.0,8
region_stat,valid,residual_voxel_count,8535919.625,5329728.0,5161032.130585604,8
region_stat,valid,residual_mean,7.425751333278718e-10,7.951547476015008e-10,1.1490720721867764e-09,8
region_stat,valid,residual_std,0.4735890366137028,0.4720288813114166,0.018284185774729823,8
region_stat,valid,residual_min,-0.9715258628129959,-0.9862991571426392,0.028052087685572828,8
region_stat,valid,residual_p05,-0.7699436768889427,-0.7692032754421234,0.029919702969383642,8
region_stat,valid,residual_p25,-0.4153958298265934,-0.3999672830104828,0.05203077216747383,8
region_stat,valid,residual_median,0.05214635841548443,0.04536917805671692,0.05215448969356753,8
region_stat,valid,residual_p75,0.39072177931666374,0.3793976753950119,0.041725399172870305,8
region_stat,valid,residual_p95,0.6966795101761818,0.6994830667972565,0.03985587739746273,8
region_stat,valid,residual_max,0.9839665219187737,0.986499696969986,0.0052092012057174215,8
region_stat,gt_foreground,probability_voxel_count,597931.75,271196.0,467352.2710386005,8
region_stat,gt_foreground,probability_mean,0.8648186922073364,0.9129919111728668,0.129964484277477,8
region_stat,gt_foreground,probability_std,0.26004614122211933,0.24134375900030136,0.093935876711117,8
region_stat,gt_foreground,probability_min,2.7761101922495635e-05,9.798698521569044e-08,6.147781347709234e-05,8
region_stat,gt_foreground,probability_p05,0.3072699340409615,0.128360815346241,0.3350243093468557,8
region_stat,gt_foreground,probability_p25,0.8523343784618191,0.9865898191928864,0.3217909601084916,8
region_stat,gt_foreground,probability_median,0.9678883627057076,0.9983111321926117,0.07853202162152396,8
region_stat,gt_foreground,probability_p75,0.9980108216404915,0.9994721412658691,0.003747846313482304,8
region_stat,gt_foreground,probability_p95,0.9997773244976997,0.9998729825019836,0.0002628353209946732,8
region_stat,gt_foreground,probability_max,0.9999944269657135,0.9999964237213135,6.024714721701354e-06,8
region_stat,gt_foreground,raw_attention_voxel_count,597931.75,271196.0,467352.2710386005,8
region_stat,gt_foreground,raw_attention_mean,0.0004773043765453622,0.00041631168278399855,0.00013061998356049987,8
region_stat,gt_foreground,raw_attention_std,0.0005241524740995374,0.00034975504968315363,0.00038640774040968936,8
region_stat,gt_foreground,raw_attention_min,6.290201099545811e-05,5.402946590038482e-05,2.108199863533546e-05,8
region_stat,gt_foreground,raw_attention_p05,0.0001202217035825015,0.00011777363761211745,2.338861082658956e-05,8
region_stat,gt_foreground,raw_attention_p25,0.00019069260633841623,0.00019127265841234475,1.4440612064178385e-05,8
region_stat,gt_foreground,raw_attention_median,0.00030699732815264724,0.0002993273810716346,3.489941580654804e-05,8
region_stat,gt_foreground,raw_attention_p75,0.0005632085521938279,0.0005238425510469824,0.00010921283600249844,8
region_stat,gt_foreground,raw_attention_p95,0.0013777121130260639,0.001160247775260359,0.00047244899895255494,8
region_stat,gt_foreground,raw_attention_max,0.007063485390972346,0.003543536993674934,0.007196796099866917,8
region_stat,gt_foreground,rank_attention_voxel_count,597931.75,271196.0,467352.2710386005,8
region_stat,gt_foreground,rank_attention_mean,0.41728558763861656,0.39434079825878143,0.06150527086202405,8
region_stat,gt_foreground,rank_attention_std,0.30088502913713455,0.29268838465213776,0.0253936958029681,8
region_stat,gt_foreground,rank_attention_min,0.008477629972730938,0.002016548067331314,0.01009141758716871,8
region_stat,gt_foreground,rank_attention_p05,0.05945517332293093,0.0506083182990551,0.031209468092071774,8
region_stat,gt_foreground,rank_attention_p25,0.1718165408819914,0.17151319235563278,0.03916103046661075,8
region_stat,gt_foreground,rank_attention_median,0.3277790695428848,0.31061238050460815,0.06804113727868093,8
region_stat,gt_foreground,rank_attention_p75,0.6437696442008018,0.6596357226371765,0.1802742127774564,8
region_stat,gt_foreground,rank_attention_p95,0.9601923823356628,0.9792540073394775,0.03823855676135922,8
region_stat,gt_foreground,rank_attention_max,0.998627096414566,0.999613344669342,0.0019398826549439027,8
region_stat,gt_foreground,residual_voxel_count,597931.75,271196.0,467352.2710386005,8
region_stat,gt_foreground,residual_mean,-0.5378655940294266,-0.5379338264465332,0.0665840252839821,8
region_stat,gt_foreground,residual_std,0.31504231318831444,0.29993827641010284,0.051772646334390944,8
region_stat,gt_foreground,residual_min,-0.9701189920306206,-0.9839134514331818,0.029075129291700738,8
region_stat,gt_foreground,residual_p05,-0.8993191942572594,-0.9090175330638885,0.0309494712435801,8
region_stat,gt_foreground,residual_p25,-0.7901094406843185,-0.7954361438751221,0.037988548162630746,8
region_stat,gt_foreground,residual_median,-0.6373817920684814,-0.6540476381778717,0.0676640410747144,8
region_stat,gt_foreground,residual_p75,-0.31966549903154373,-0.30855685472488403,0.1860498429968642,8
region_stat,gt_foreground,residual_p95,0.05041088780853897,0.013553179800510406,0.14449992633015085,8
region_stat,gt_foreground,residual_max,0.38231615722179413,0.31246188282966614,0.3041526416751656,8
region_stat,gt_background_valid,probability_voxel_count,7937987.875,5106835.5,4703510.092541724,8
region_stat,gt_background_valid,probability_mean,0.010282009840011597,0.010050255339592695,0.00595233143616494,8
region_stat,gt_background_valid,probability_std,0.08614389691501856,0.0902530774474144,0.02688833883878109,8
region_stat,gt_background_valid,probability_min,1.0719438686594483e-16,4.354200011504457e-37,2.2172322080928754e-16,8
region_stat,gt_background_valid,probability_p05,3.545707235257956e-10,1.038517665800797e-19,8.267866463645235e-10,8
region_stat,gt_background_valid,probability_p25,1.086454806102332e-08,6.409335191856495e-17,2.004957642555482e-08,8
region_stat,gt_background_valid,probability_median,1.1703905739149483e-07,2.5997022756740762e-08,1.4041049925498085e-07,8
region_stat,gt_background_valid,probability_p75,2.7702701164145083e-06,1.708535876332462e-06,2.776915118853486e-06,8
region_stat,gt_background_valid,probability_p95,0.0017642564376956216,0.00035998720704810694,0.002768853844518694,8
region_stat,gt_background_valid,probability_max,0.9999315515160561,0.9999414086341858,6.465038023343954e-05,8
region_stat,gt_background_valid,raw_attention_voxel_count,7937987.875,5106835.5,4703510.092541724,8
region_stat,gt_background_valid,raw_attention_mean,0.0005209745977481361,0.00047922202793415636,0.00014242190760665565,8
region_stat,gt_background_valid,raw_attention_std,0.0005014026028220542,0.00033405829162802547,0.0003336572149141426,8
region_stat,gt_background_valid,raw_attention_min,3.852793656733411e-05,3.747648952412419e-05,9.768846677028852e-06,8
region_stat,gt_background_valid,raw_attention_p05,0.00011933178666367894,0.00011314704897813499,1.798553114264239e-05,8
region_stat,gt_background_valid,raw_attention_p25,0.0002680421639524866,0.0002445857389830053,6.468473548298747e-05,8
region_stat,gt_background_valid,raw_attention_median,0.0004519108588283416,0.0004828501696465537,7.880642844180763e-05,8
region_stat,gt_background_valid,raw_attention_p75,0.0006117537195677869,0.0006095375283621252,6.719272925362735e-05,8
region_stat,gt_background_valid,raw_attention_p95,0.0011532621065271087,0.0007518199854530394,0.0006256140007031004,8
region_stat,gt_background_valid,raw_attention_max,0.016953141341218725,0.01045691897161305,0.01720079456621318,8
region_stat,gt_background_valid,rank_attention_voxel_count,7937987.875,5106835.5,4703510.092541724,8
region_stat,gt_background_valid,rank_attention_mean,0.5053800866007805,0.506476640701294,0.00399808797311184,8
region_stat,gt_background_valid,rank_attention_std,0.2863534577190876,0.28616049885749817,0.0017469114515154293,8
region_stat,gt_background_valid,rank_attention_min,2.513579318019765e-07,0.0,6.650305776115633e-07,8
region_stat,gt_background_valid,rank_attention_p05,0.05035245371982455,0.05020793899893761,0.003325065835441678,8
region_stat,gt_background_valid,rank_attention_p25,0.2605220004916191,0.26063331961631775,0.006304599328291693,8
region_stat,gt_background_valid,rank_attention_median,0.51046983897686,0.5106787979602814,0.004810816298455272,8
region_stat,gt_background_valid,rank_attention_p75,0.7521812990307808,0.7530081570148468,0.0034208301940094887,8
region_stat,gt_background_valid,rank_attention_p95,0.946673721075058,0.9479489028453827,0.005678928371416851,8
region_stat,gt_background_valid,rank_attention_max,0.9999877735972404,1.0,3.219047381637522e-05,8
region_stat,gt_background_valid,residual_voxel_count,7937987.875,5106835.5,4703510.092541724,8
region_stat,gt_background_valid,residual_mean,0.036090771900489926,0.033603137359023094,0.007790641628196999,8
region_stat,gt_background_valid,residual_std,0.4602622576057911,0.4607565999031067,0.016263941220222726,8
region_stat,gt_background_valid,residual_min,-0.9648268222808838,-0.9844105541706085,0.033040508987266945,8
region_stat,gt_background_valid,residual_p05,-0.7301621586084366,-0.7281008958816528,0.02962617538129992,8
region_stat,gt_background_valid,residual_p25,-0.36272556707262993,-0.34238290786743164,0.04398710983699028,8
region_stat,gt_background_valid,residual_median,0.10225991997867823,0.10450654849410057,0.05947473091472858,8
region_stat,gt_background_valid,residual_p75,0.40860894322395325,0.4027017652988434,0.041988057560969544,8
region_stat,gt_background_valid,residual_p95,0.7046322748064995,0.7088989913463593,0.039414679318647394,8
region_stat,gt_background_valid,residual_max,0.9839665219187737,0.986499696969986,0.0052092012057174215,8
region_stat,TP,probability_voxel_count,473974.25,256221.5,321577.07137393596,8
region_stat,TP,probability_mean,0.9749183282256126,0.9816039800643921,0.018611223342672425,8
region_stat,TP,probability_std,0.06657549040392041,0.0608807597309351,0.021067121050455006,8
region_stat,TP,probability_min,0.5000525265932083,0.5000278055667877,5.8870169361239616e-05,8
region_stat,TP,probability_p05,0.8652736693620682,0.8935197293758392,0.10501896691148008,8
region_stat,TP,probability_p25,0.9843632876873016,0.9942440390586853,0.0235096203730249,8
region_stat,TP,probability_median,0.9965951219201088,0.9987378418445587,0.004874160208113999,8
region_stat,TP,probability_p75,0.9991193190217018,0.9995339810848236,0.0010883868446096418,8
region_stat,TP,probability_p95,0.9998422563076019,0.9998833537101746,0.00011887445214579708,8
region_stat,TP,probability_max,0.9999944269657135,0.9999964237213135,6.024714721701354e-06,8
region_stat,TP,raw_attention_voxel_count,473974.25,256221.5,321577.07137393596,8
region_stat,TP,raw_attention_mean,0.0004403761922731064,0.0004100809746887535,7.710644220341716e-05,8
region_stat,TP,raw_attention_std,0.0003673062092275359,0.00031023840710986406,0.00011360703641844252,8
region_stat,TP,raw_attention_min,6.668300920864567e-05,5.5544158385600895e-05,2.431843633382895e-05,8
region_stat,TP,raw_attention_p05,0.00012208725638629403,0.00012046294796164148,2.324049868398162e-05,8
region_stat,TP,raw_attention_p25,0.00019393506045162212,0.0001957621134351939,1.3193023270236089e-05,8
region_stat,TP,raw_attention_median,0.0003079075977439061,0.0003031584492418915,2.0647099935156315e-05,8
region_stat,TP,raw_attention_p75,0.0005546094034798443,0.0005369087448343635,9.903644076919811e-05,8
region_stat,TP,raw_attention_p95,0.001233623261214234,0.0010669511393643916,0.00036969861921127975,8
region_stat,TP,raw_attention_max,0.002887785667553544,0.0028611047891899943,0.0006305455458196777,8
region_stat,TP,rank_attention_voxel_count,473974.25,256221.5,321577.07137393596,8
region_stat,TP,rank_attention_mean,0.41478127613663673,0.3861510902643204,0.07037833677583381,8
region_stat,TP,rank_attention_std,0.2933909744024277,0.28643298149108887,0.025260793616172717,8
region_stat,TP,rank_attention_min,0.010581961169521037,0.002401173231191933,0.013226468562438125,8
region_stat,TP,rank_attention_p05,0.062475279439240694,0.05365859530866146,0.032263413390267545,8
region_stat,TP,rank_attention_p25,0.17821484617888927,0.17851563543081284,0.0424964061275416,8
region_stat,TP,rank_attention_median,0.3316440414637327,0.3152629882097244,0.07594472643115534,8
region_stat,TP,rank_attention_p75,0.6403594091534615,0.6446070969104767,0.18990320727348717,8
region_stat,TP,rank_attention_p95,0.949172355234623,0.9754339754581451,0.050166785082701566,8
region_stat,TP,rank_attention_max,0.9910501092672348,0.9953486323356628,0.010847825646212285,8
region_stat,TP,residual_voxel_count,473974.25,256221.5,321577.07137393596,8
region_stat,TP,residual_mean,-0.556143194437027,-0.5789028406143188,0.07312040002349658,8
region_stat,TP,residual_std,0.29147882387042046,0.2829504460096359,0.025999031545207295,8
region_stat,TP,residual_min,-0.9701189920306206,-0.9839134514331818,0.029075129291700738,8
region_stat,TP,residual_p05,-0.9031000584363937,-0.911011129617691,0.03503685260876449,8
region_stat,TP,residual_p25,-0.7906520143151283,-0.7921602725982666,0.04476636019265087,8
region_stat,TP,residual_median,-0.6398299038410187,-0.655886709690094,0.07826000500426124,8
region_stat,TP,residual_p75,-0.3339773155748844,-0.32853245735168457,0.19153363009298394,8
region_stat,TP,residual_p95,-0.02192801225464791,-0.006091104354709387,0.053233431718720706,8
region_stat,TP,residual_max,0.05302064120769501,0.05225065350532532,0.01572721716176858,8
region_stat,FN,probability_voxel_count,123957.5,23401.5,198831.1158232031,8
region_stat,FN,probability_mean,0.12218804657459259,0.12512848153710365,0.03395855052314672,8
region_stat,FN,probability_std,0.1424127323552966,0.14498845487833023,0.011714294614758055,8
region_stat,FN,probability_min,2.7761101922495635e-05,9.798698521569044e-08,6.147781347709234e-05,8
region_stat,FN,probability_p05,0.0010131298422166647,0.00038433978625107557,0.001206320303689454,8
region_stat,FN,probability_p25,0.011279581629083026,0.008453300222754478,0.009860208392780205,8
region_stat,FN,probability_median,0.0576609400450252,0.057663533836603165,0.038913065242333386,8
region_stat,FN,probability_p75,0.19776733592152596,0.20415294915437698,0.07536147142501132,8
region_stat,FN,probability_p95,0.4313722178339958,0.43697258830070496,0.027237571568903808,8
region_stat,FN,probability_max,0.49992547184228897,0.4999835193157196,0.000100558473088598,8
region_stat,FN,raw_attention_voxel_count,123957.5,23401.5,198831.1158232031,8
region_stat,FN,raw_attention_mean,0.0004620336949301418,0.00037230944144539535,0.00028482431570053807,8
region_stat,FN,raw_attention_std,0.0005932905114605092,0.0004258961998857558,0.0006101755845354566,8
region_stat,FN,raw_attention_min,6.387946041286341e-05,5.58247684239177e-05,2.044130573149351e-05,8
region_stat,FN,raw_attention_p05,0.00010642468623700552,9.971678809961304e-05,2.7588591223139233e-05,8
region_stat,FN,raw_attention_p25,0.00016476711243740283,0.00015891750808805227,3.4801666800536594e-05,8
region_stat,FN,raw_attention_median,0.0002527527667552931,0.00021054148965049535,0.00010664912066678595,8
region_stat,FN,raw_attention_p75,0.00048471250920556486,0.00035939746885560453,0.00026967639932992964,8
region_stat,FN,raw_attention_p95,0.0016150470764841884,0.001116492843721062,0.001384282947789138,8
region_stat,FN,raw_attention_max,0.006634205157752149,0.0026570858899503946,0.007442813451757424,8
region_stat,FN,rank_attention_voxel_count,123957.5,23401.5,198831.1158232031,8
region_stat,FN,rank_attention_mean,0.3440868388861418,0.31832849979400635,0.08035619058959365,8
region_stat,FN,rank_attention_std,0.2961293328553438,0.2934357672929764,0.050016983840246554,8
region_stat,FN,rank_attention_min,0.008678029199472803,0.0028115363093093038,0.009953863434251165,8
region_stat,FN,rank_attention_p05,0.03904178075026721,0.026657878421247005,0.027197920325212878,8
region_stat,FN,rank_attention_p25,0.11714904848486185,0.1192602887749672,0.02581548274902548,8
region_stat,FN,rank_attention_median,0.2392578162252903,0.2158689647912979,0.09162161889257307,8
region_stat,FN,rank_attention_p75,0.5098443515598774,0.4282720535993576,0.23528139373253262,8
region_stat,FN,rank_attention_p95,0.9579049348831177,0.9626294374465942,0.032371198540289005,8
region_stat,FN,rank_attention_max,0.9978470280766487,0.9982174038887024,0.0017684394952367517,8
region_stat,FN,residual_voxel_count,123957.5,23401.5,198831.1158232031,8
region_stat,FN,residual_mean,-0.5531193912029266,-0.5843824744224548,0.12248671668669854,8
region_stat,FN,residual_std,0.3282217476516962,0.3021150529384613,0.09332450492713294,8
region_stat,FN,residual_min,-0.92572420835495,-0.9216671288013458,0.01934868780569806,8
region_stat,FN,residual_p05,-0.8851296827197075,-0.8810692131519318,0.029093147553497498,8
region_stat,FN,residual_p25,-0.805877186357975,-0.8083361387252808,0.02141792465433129,8
region_stat,FN,residual_median,-0.6728872358798981,-0.713074803352356,0.11844869222798593,8
region_stat,FN,residual_p75,-0.3687036782503128,-0.48134860396385193,0.3048068677174497,8
region_stat,FN,residual_p95,0.12801226665033028,0.04115656763315201,0.17823977818868864,8
region_stat,FN,residual_max,0.38231615722179413,0.31246188282966614,0.3041526416751656,8
region_stat,FP,probability_voxel_count,95356.125,51568.5,91946.85036127869,8
region_stat,FP,probability_mean,0.8827472031116486,0.8860357999801636,0.010838068125065126,8
region_stat,FP,probability_std,0.1420131828635931,0.14215177297592163,0.0032256811338022265,8
region_stat,FP,probability_min,0.5000395476818085,0.5000225305557251,6.022606948561876e-05,8
region_stat,FP,probability_p05,0.5684140995144844,0.5681480169296265,0.007089223570744781,8
region_stat,FP,probability_p25,0.8071513622999191,0.8144670724868774,0.023512036925140083,8
region_stat,FP,probability_median,0.9537220597267151,0.9578912258148193,0.01401969765719653,8
region_stat,FP,probability_p75,0.9918152540922165,0.9930199682712555,0.003132345674026627,8
region_stat,FP,probability_p95,0.9989157468080521,0.9989686608314514,0.0007486176543202304,8
region_stat,FP,probability_max,0.9999315515160561,0.9999414086341858,6.465038023343954e-05,8
region_stat,FP,raw_attention_voxel_count,95356.125,51568.5,91946.85036127869,8
region_stat,FP,raw_attention_mean,0.00045925490849185735,0.00042940283310599625,0.00015425394017229264,8
region_stat,FP,raw_attention_std,0.0004257213222444989,0.0003694756160257384,0.00017566886052803284,8
region_stat,FP,raw_attention_min,6.187955023051472e-05,5.620015326712746e-05,1.8610208730232717e-05,8
region_stat,FP,raw_attention_p05,0.00010282841685693711,0.00010505172394914553,2.5911010468483342e-05,8
region_stat,FP,raw_attention_p25,0.00016951419820543379,0.00017669490625848994,3.8063235045759716e-05,8
region_stat,FP,raw_attention_median,0.00028408915204636287,0.00028560683131217957,6.750172643849434e-05,8
region_stat,FP,raw_attention_p75,0.0005902212760702241,0.0005586963961832225,0.0002092624536422321,8
region_stat,FP,raw_attention_p95,0.001417583342117723,0.0012333878548815846,0.0005990013853537801,8
region_stat,FP,raw_attention_max,0.0026557358214631677,0.00264889735262841,0.0004981119720181122,8
region_stat,FP,rank_attention_voxel_count,95356.125,51568.5,91946.85036127869,8
region_stat,FP,rank_attention_mean,0.40055675245821476,0.4296942204236984,0.12709037783704386,8
region_stat,FP,rank_attention_std,0.3063469845801592,0.30741724371910095,0.03658896179619836,8
region_stat,FP,rank_attention_min,0.007603346707128367,0.002268408890813589,0.008675978108926464,8
region_stat,FP,rank_attention_p05,0.04149827879155055,0.030128364451229572,0.034370807467315696,8
region_stat,FP,rank_attention_p25,0.14650590647943318,0.15705806016921997,0.07567379358776773,8
region_stat,FP,rank_attention_median,0.3135874327272177,0.31987233459949493,0.13778998322471445,8
region_stat,FP,rank_attention_p75,0.6381655782461166,0.7423112690448761,0.27340904094506563,8
region_stat,FP,rank_attention_p95,0.9498233199119568,0.9674443602561951,0.06815634708337284,8
region_stat,FP,rank_attention_max,0.9878703504800797,0.9945172369480133,0.017615524008848582,8
region_stat,FP,residual_voxel_count,95356.125,51568.5,91946.85036127869,8
region_stat,FP,residual_mean,-0.5502677634358406,-0.5155442357063293,0.13742492884268118,8
region_stat,FP,residual_std,0.3052748292684555,0.30500631034374237,0.034461709372161774,8
region_stat,FP,residual_min,-0.9639502763748169,-0.9844105541706085,0.03418786301073336,8
region_stat,FP,residual_p05,-0.9081637859344482,-0.9116807878017426,0.04651126834095399,8
region_stat,FP,residual_p25,-0.8043159171938896,-0.7824090123176575,0.08646393783538633,8
region_stat,FP,residual_median,-0.6366295143961906,-0.6209608912467957,0.14924387352778007,8
region_stat,FP,residual_p75,-0.31390414014458656,-0.20148325711488724,0.2808324922602606,8
region_stat,FP,residual_p95,-0.0012206734827486798,0.0021482721786014736,0.0720185301826181,8
region_stat,FP,residual_max,0.05077756941318512,0.057094186544418335,0.022223125263209013,8
region_stat,TN,probability_voxel_count,7842631.75,5071420.5,4620453.74096267,8
region_stat,TN,probability_mean,0.0016024043288780376,0.0013561740051954985,0.0009340428699752397,8
region_stat,TN,probability_std,0.018767511937767267,0.01823664177209139,0.00562526327361757,8
region_stat,TN,probability_min,1.0719438686594483e-16,4.354200011504457e-37,2.2172322080928754e-16,8
region_stat,TN,probability_p05,3.5266569877455907e-10,9.899311445709635e-20,8.219884172364421e-10,8
region_stat,TN,probability_p25,1.0677000637130449e-08,5.816407496567055e-17,1.9777260365662726e-08,8
region_stat,TN,probability_median,1.1219022453903935e-07,2.329789020039108e-08,1.3612803216971115e-07,8
region_stat,TN,probability_p75,2.2701229807076118e-06,1.6381043224100722e-06,2.161793822416515e-06,8
region_stat,TN,probability_p95,0.000536198239103669,0.0001950834302988369,0.0006442951612536711,8
region_stat,TN,probability_max,0.4999367520213127,0.49997276067733765,8.864322777841296e-05,8
region_stat,TN,raw_attention_voxel_count,7842631.75,5071420.5,4620453.74096267,8
region_stat,TN,raw_attention_mean,0.000522135855135275,0.00048044772120192647,0.00014433875224920077,8
region_stat,TN,raw_attention_std,0.0005017086787120206,0.00033419852843508124,0.0003367696359867935,8
region_stat,TN,raw_attention_min,3.852793656733411e-05,3.747648952412419e-05,9.768846677028852e-06,8
region_stat,TN,raw_attention_p05,0.00012001389586657751,0.00011416428242227994,1.8745546237433907e-05,8
region_stat,TN,raw_attention_p25,0.00027071692784375045,0.00024624298384878784,6.723538729565196e-05,8
region_stat,TN,raw_attention_median,0.00045280282938620076,0.00048448069719597697,7.927320607938412e-05,8
region_stat,TN,raw_attention_p75,0.000612238232861273,0.0006096359866205603,6.82267745416972e-05,8
region_stat,TN,raw_attention_p95,0.0011553226795513183,0.0007512050215154886,0.0006305566182960305,8
region_stat,TN,raw_attention_max,0.01691755055799149,0.01045691897161305,0.017229357049850288,8
region_stat,TN,rank_attention_voxel_count,7842631.75,5071420.5,4620453.74096267,8
region_stat,TN,rank_attention_mean,0.506487037986517,0.5079977512359619,0.0050306799269184445,8
region_stat,TN,rank_attention_std,0.28574781492352486,0.2854035347700119,0.001886065698615408,8
region_stat,TN,rank_attention_min,2.513579318019765e-07,0.0,6.650305776115633e-07,8
region_stat,TN,rank_attention_p05,0.05109676253050566,0.050799332559108734,0.004367355616567491,8
region_stat,TN,rank_attention_p25,0.2627568505704403,0.2627169191837311,0.008024722356835013,8
region_stat,TN,rank_attention_median,0.5122542753815651,0.5138134062290192,0.005901434137106772,8
region_stat,TN,rank_attention_p75,0.7525281235575676,0.7528904974460602,0.0037203216640922746,8
region_stat,TN,rank_attention_p95,0.9462832510471344,0.9477223753929138,0.0061013568833819766,8
region_stat,TN,rank_attention_max,0.9999739602208138,1.0,6.642797563424037e-05,8
region_stat,TN,residual_voxel_count,7842631.75,5071420.5,4620453.74096267,8
region_stat,TN,residual_mean,0.04199066571891308,0.0368723776191473,0.010355080729165255,8
region_stat,TN,residual_std,0.45763885229825974,0.4574988931417465,0.015678924418519754,8
region_stat,TN,residual_min,-0.9295836165547371,-0.9275705218315125,0.01590173977477181,8
region_stat,TN,residual_p05,-0.721672385931015,-0.7241493463516235,0.03087093914357529,8
region_stat,TN,residual_p25,-0.3542678914964199,-0.3372376561164856,0.040050256009440094,8
region_stat,TN,residual_median,0.10992763750255108,0.1072135865688324,0.061850499201139136,8
region_stat,TN,residual_p75,0.41132789850234985,0.40636835992336273,0.04268501810321554,8
region_stat,TN,residual_p95,0.7057552114129066,0.7097533941268921,0.03941969929929625,8
region_stat,TN,residual_max,0.9839665219187737,0.986499696969986,0.0052092012057174215,8
